r_size,coeff,TMR,FMR
3,2.0,0.9995820271682341,0.903239289446186
3,1.0,0.9958202716823407,0.40668756530825495
3,0.5,0.780146290491118,0.006060606060606061
3,0.25,0.07272727272727272,0.0
3,0.375,0.3897596656217346,0.0
3,0.4375,0.6068965517241379,0.0010449320794148381
3,0.46875,0.7026123301985371,0.002716823406478579
3,0.453125,0.6566353187042843,0.0020898641588296763
3,0.4609375,0.6804597701149425,0.0025078369905956114
3,0.45703125,0.6689655172413793,0.0022988505747126436
3,0.455078125,0.6622779519331243,0.0020898641588296763
3,0.4560546875,0.664576802507837,0.0022988505747126436
3,0.45654296875,0.6672936259143156,0.0022988505747126436
3,0.456298828125,0.6656217345872518,0.0022988505747126436
3,0.4564208984375,0.6662486938349007,0.0022988505747126436
3,0.45648193359375,0.6666666666666666,0.0022988505747126436
3,0.75,0.9824451410658307,0.15005224660397073
3,0.625,0.9458725182863114,0.05141065830721003
3,0.5625,0.8915360501567398,0.022361546499477535
3,0.53125,0.8438871473354232,0.013166144200626959
3,0.515625,0.819644723092999,0.00961337513061651
3,0.5078125,0.7991640543364681,0.007732497387669801
3,0.51171875,0.8100313479623824,0.008986415882967606
3,0.509765625,0.8043887147335423,0.008359456635318705
3,0.5087890625,0.8010449320794149,0.007941483803552769
3,0.50830078125,0.8,0.007941483803552769
3,0.508544921875,0.8006269592476489,0.007941483803552769
3,0.5084228515625,0.800208986415883,0.007941483803552769
3,0.50836181640625,0.8,0.007941483803552769
3,0.546875,0.8689655172413793,0.016091954022988506
3,0.5390625,0.8557993730407524,0.014629049111807733
3,0.54296875,0.8622779519331244,0.015464994775339603
3,0.541015625,0.8595611285266458,0.0148380355276907
3,0.5400390625,0.8566353187042842,0.0148380355276907
3,0.54052734375,0.8574712643678161,0.0148380355276907
3,0.540283203125,0.8572622779519331,0.0148380355276907
3,0.5401611328125,0.8570532915360501,0.0148380355276907
3,0.54022216796875,0.8570532915360501,0.0148380355276907
4,2.0,1.0,0.9061128526645768
4,1.0,0.9967084639498432,0.4078369905956113
4,0.5,0.7841692789968652,0.007836990595611285
4,0.25,0.07742946708463949,0.0
4,0.375,0.40188087774294673,0.00015673981191222572
4,0.4375,0.6073667711598746,0.00109717868338558
4,0.46875,0.7084639498432602,0.003761755485893417
4,0.453125,0.659717868338558,0.0020376175548589342
4,0.4609375,0.6877742946708464,0.0028213166144200625
4,0.45703125,0.6721003134796238,0.0025078369905956114
4,0.455078125,0.6658307210031348,0.0023510971786833857
4,0.4560546875,0.6692789968652038,0.0023510971786833857
4,0.45556640625,0.6675548589341693,0.0023510971786833857
4,0.455322265625,0.6667711598746081,0.0023510971786833857
4,0.4552001953125,0.6661442006269592,0.0023510971786833857
4,0.45526123046875,0.6667711598746081,0.0023510971786833857
4,0.75,0.9832288401253918,0.14545454545454545
4,0.625,0.945141065830721,0.04921630094043887
4,0.5625,0.8887147335423198,0.024608150470219435
4,0.53125,0.8435736677115987,0.01567398119122257
4,0.515625,0.8163009404388715,0.010815047021943573
4,0.5078125,0.8009404388714734,0.009247648902821317
4,0.50390625,0.7927899686520377,0.008307210031347963
4,0.505859375,0.7968652037617555,0.00909090909090909
4,0.5068359375,0.7996865203761756,0.009247648902821317
4,0.50732421875,0.8001567398119123,0.009247648902821317
4,0.507080078125,0.8,0.009247648902821317
4,0.5072021484375,0.8,0.009247648902821317
4,0.50726318359375,0.8,0.009247648902821317
4,0.546875,0.868808777429467,0.019122257053291535
4,0.5390625,0.8557993730407524,0.016927899686520375
4,0.54296875,0.8623824451410659,0.017398119122257052
4,0.541015625,0.8594043887147336,0.017398119122257052
4,0.5400390625,0.8572100313479624,0.016927899686520375
4,0.53955078125,0.8564263322884013,0.016927899686520375
4,0.539794921875,0.8568965517241379,0.016927899686520375
4,0.5399169921875,0.8570532915360501,0.016927899686520375
4,0.53997802734375,0.8572100313479624,0.016927899686520375
5,2.0,0.9998746081504702,0.9075862068965517
5,1.0,0.9968652037617555,0.42156739811912225
5,0.5,0.786833855799373,0.006144200626959247
5,0.25,0.0857680250783699,0.0
5,0.375,0.4045141065830721,0.00025078369905956113
5,0.4375,0.609153605015674,0.0022570532915360503
5,0.46875,0.7059561128526646,0.003134796238244514
5,0.453125,0.6579310344827586,0.0025078369905956114
5,0.4609375,0.6838871473354232,0.002884012539184953
5,0.45703125,0.6713479623824451,0.002758620689655172
5,0.455078125,0.6639498432601881,0.002633228840125392
5,0.4560546875,0.6678369905956113,0.002758620689655172
5,0.45556640625,0.6660815047021944,0.002758620689655172
5,0.455810546875,0.6669592476489028,0.002758620689655172
5,0.4556884765625,0.6665830721003135,0.002758620689655172
5,0.45574951171875,0.666833855799373,0.002758620689655172
5,0.75,0.9838244514106583,0.15147335423197492
5,0.625,0.9472100313479623,0.05605015673981191
5,0.5625,0.8896551724137931,0.022068965517241378
5,0.53125,0.8447648902821316,0.012288401253918495
5,0.515625,0.8178056426332289,0.008401253918495298
5,0.5078125,0.8027586206896552,0.007147335423197492
5,0.50390625,0.7947335423197492,0.00664576802507837
5,0.505859375,0.7989968652037618,0.0070219435736677115
5,0.5068359375,0.8007523510971787,0.007147335423197492
5,0.50634765625,0.7998746081504702,0.007147335423197492
5,0.506591796875,0.8002507836990596,0.007147335423197492
5,0.5064697265625,0.8001253918495298,0.007147335423197492
5,0.50640869140625,0.7998746081504702,0.007147335423197492
5,0.546875,0.8687147335423198,0.017429467084639497
5,0.5390625,0.8563009404388715,0.013667711598746081
5,0.54296875,0.8628213166144201,0.01567398119122257
5,0.541015625,0.8598119122257053,0.014420062695924765
5,0.5400390625,0.8584326018808778,0.013793103448275862
5,0.53955078125,0.8574294670846395,0.013667711598746081
5,0.539306640625,0.8573040752351098,0.013667711598746081
5,0.5391845703125,0.8568025078369906,0.013667711598746081
5,0.53924560546875,0.8570532915360501,0.013667711598746081
6,2.0,0.9998955067920585,0.8968652037617555
6,1.0,0.9963427377220481,0.40522466039707417
6,0.5,0.7849529780564264,0.006269592476489028
6,0.25,0.07628004179728318,0.0
6,0.375,0.39122257053291537,0.0
6,0.4375,0.6045977011494252,0.0010449320794148381
6,0.46875,0.7009404388714734,0.002716823406478579
6,0.453125,0.6531870428422153,0.0018808777429467085
6,0.4609375,0.6758620689655173,0.0022988505747126436
6,0.45703125,0.6659352142110763,0.0020898641588296763
6,0.458984375,0.6707419017763845,0.0020898641588296763
6,0.4580078125,0.6677115987460815,0.0020898641588296763
6,0.45751953125,0.6665621734587251,0.0020898641588296763
6,0.457763671875,0.667189132706374,0.0020898641588296763
6,0.4576416015625,0.6667711598746081,0.0020898641588296763
6,0.45758056640625,0.6667711598746081,0.0020898641588296763
6,0.75,0.9863113897596656,0.14649947753396028
6,0.625,0.9498432601880877,0.051619644723093
6,0.5625,0.8960292580982236,0.02110762800417973
6,0.53125,0.8504702194357366,0.013375130616509927
6,0.515625,0.8207941483803552,0.00877742946708464
6,0.5078125,0.80282131661442,0.007523510971786834
6,0.50390625,0.7938349007314525,0.006792058516196447
6,0.505859375,0.7979101358411703,0.007105538140020898
6,0.5068359375,0.8009404388714734,0.007210031347962382
6,0.50634765625,0.7989550679205851,0.007210031347962382
6,0.506591796875,0.8001044932079415,0.007210031347962382
6,0.5064697265625,0.799582027168234,0.007210031347962382
6,0.50653076171875,0.7998955067920586,0.007210031347962382
6,0.546875,0.8749216300940439,0.016509926854754442
6,0.5390625,0.8624869383490074,0.014942528735632184
6,0.53515625,0.8566353187042842,0.013897596656217346
6,0.537109375,0.8594566353187043,0.014524555903866249
6,0.5361328125,0.8579937304075235,0.01431556948798328
6,0.53564453125,0.8571577847439916,0.014106583072100314
6,0.535400390625,0.8569487983281087,0.013897596656217346
6,0.5355224609375,0.8571577847439916,0.01400208986415883
6,0.53546142578125,0.8570532915360501,0.01400208986415883
7,2.0,1.0,0.9120465741155397
7,1.0,0.9972234661889834,0.406180026869682
7,0.5,0.7788625167935512,0.0068069861173309446
7,0.25,0.0703090013434841,0.0
7,0.375,0.3884460367218988,0.0
7,0.4375,0.5986565158978953,0.0007165248544558889
7,0.46875,0.6942230183609494,0.0022391401701746527
7,0.453125,0.6485445588893864,0.0016121809225257502
7,0.4609375,0.6717420510523959,0.0019704433497536944
7,0.45703125,0.6589341692789968,0.0018808777429467085
7,0.458984375,0.6649350649350649,0.0019704433497536944
7,0.4599609375,0.6685176892073443,0.0019704433497536944
7,0.45947265625,0.6671742051052396,0.0019704433497536944
7,0.459228515625,0.6661889834303627,0.0019704433497536944
7,0.4593505859375,0.6665472458575907,0.0019704433497536944
7,0.45941162109375,0.6668159426780117,0.0019704433497536944
7,0.75,0.9845947156291984,0.14805194805194805
7,0.625,0.9459023734885804,0.05069413345275414
7,0.5625,0.890192566054635,0.02328705776981639
7,0.53125,0.8395879982086879,0.013524406627854904
7,0.515625,0.8107478728168384,0.01012091356918943
7,0.5078125,0.7948947604120018,0.008240035826242723
7,0.51171875,0.8024182713837886,0.008866995073891626
7,0.509765625,0.7989252127183162,0.00832960143304971
7,0.5107421875,0.8006269592476489,0.008598298253470667
7,0.51025390625,0.7995521719659651,0.00832960143304971
7,0.510498046875,0.8,0.00850873264666368
7,0.5106201171875,0.8004478280340349,0.00850873264666368
7,0.51055908203125,0.800268696820421,0.00850873264666368
7,0.546875,0.864308105687416,0.01683833407971339
7,0.5390625,0.8527541424093148,0.014688759516345724
7,0.54296875,0.8589341692789969,0.015315718763994625
7,0.541015625,0.8561576354679803,0.014957456336766681
7,0.5419921875,0.8574115539632781,0.01522615315718764
7,0.54150390625,0.8568741603224361,0.01522615315718764
7,0.541748046875,0.8571428571428571,0.01522615315718764
7,0.5418701171875,0.8573219883564711,0.01522615315718764
7,0.54180908203125,0.8572324227496642,0.01522615315718764
8,2.0,0.9995297805642633,0.9199843260188088
8,1.0,0.9952194357366771,0.41489028213166146
8,0.5,0.79858934169279,0.008072100313479625
8,0.25,0.08056426332288401,0.0
8,0.375,0.40932601880877745,0.00015673981191222572
8,0.4375,0.6230407523510971,0.0014106583072100312
8,0.46875,0.7217868338557993,0.0028996865203761756
8,0.453125,0.67358934169279,0.00219435736677116
8,0.4453125,0.6481974921630094,0.0016457680250783699
8,0.44921875,0.661128526645768,0.0020376175548589342
8,0.451171875,0.6669278996865203,0.002115987460815047
8,0.4501953125,0.6644200626959248,0.002115987460815047
8,0.45068359375,0.6659090909090909,0.002115987460815047
8,0.450927734375,0.6664576802507837,0.002115987460815047
8,0.4510498046875,0.6667711598746081,0.002115987460815047
8,0.45098876953125,0.6666144200626959,0.002115987460815047
8,0.75,0.9807210031347963,0.154153605015674
8,0.625,0.9503134796238244,0.057053291536050155
8,0.5625,0.9004702194357367,0.023197492163009405
8,0.53125,0.8583072100313479,0.012852664576802508
8,0.515625,0.8332288401253919,0.011050156739811912
8,0.5078125,0.8169278996865204,0.009326018808777429
8,0.50390625,0.8079153605015674,0.00877742946708464
8,0.501953125,0.8031347962382445,0.008620689655172414
8,0.5009765625,0.8001567398119123,0.008463949843260187
8,0.50048828125,0.7995297805642633,0.008228840125391849
8,0.500732421875,0.7998432601880878,0.008385579937304075
8,0.5008544921875,0.8,0.008463949843260187
8,0.50091552734375,0.8000783699059562,0.008463949843260187
8,0.5234375,0.8463949843260188,0.011363636363636364
8,0.52734375,0.8525078369905956,0.012147335423197491
8,0.529296875,0.8550156739811913,0.012695924764890282
8,0.5302734375,0.8570532915360501,0.012774294670846394
8,0.53076171875,0.8577586206896551,0.012774294670846394
8,0.530517578125,0.8574451410658307,0.012774294670846394
8,0.5303955078125,0.8572884012539185,0.012774294670846394
8,0.53033447265625,0.8572100313479624,0.012774294670846394
9,2.0,0.9999303378613723,0.9019853709508882
9,1.0,0.9958899338209684,0.40376175548589344
9,0.5,0.7874608150470219,0.007384186694531522
9,0.25,0.07161267850923023,0.0
9,0.375,0.39031696273075583,0.0
9,0.4375,0.6104493207941484,0.0004876349703935911
9,0.46875,0.7071403692093348,0.0025078369905956114
9,0.453125,0.6586555207244862,0.001114594218042494
9,0.4609375,0.6835249042145594,0.0018112156043190526
9,0.45703125,0.6720306513409962,0.0013932427725531174
9,0.455078125,0.6660397074190177,0.0011842563566701499
9,0.4560546875,0.6686868686868687,0.0013235806339254616
9,0.45556640625,0.6673632880529432,0.0012539184952978057
9,0.455322265625,0.6666666666666666,0.0011842563566701499
9,0.4554443359375,0.666805990943922,0.0011842563566701499
9,0.45538330078125,0.6667363288052943,0.0011842563566701499
9,0.75,0.984395680947405,0.14956461163357715
9,0.625,0.9495646116335772,0.05343086032741205
9,0.5625,0.894531522117729,0.023197492163009405
9,0.53125,0.8486938349007315,0.014141414141414142
9,0.515625,0.8188087774294671,0.010309996516893068
9,0.5078125,0.802438174851968,0.008847091605712296
9,0.50390625,0.7945663531870428,0.008359456635318705
9,0.505859375,0.7987460815047022,0.00877742946708464
9,0.5068359375,0.8007662835249042,0.00877742946708464
9,0.50634765625,0.7997213514454894,0.00877742946708464
9,0.506591796875,0.8,0.00877742946708464
9,0.5067138671875,0.8003483106931383,0.00877742946708464
9,0.50665283203125,0.800208986415883,0.00877742946708464
9,0.546875,0.8728665970045281,0.01818181818181818
9,0.5390625,0.8613026819923372,0.015882967607105537
9,0.53515625,0.8555207244862417,0.015256008359456636
9,0.537109375,0.8582375478927203,0.015534656913967259
9,0.5361328125,0.856495994427029,0.015395332636711946
9,0.53662109375,0.8576105886450714,0.015395332636711946
9,0.536376953125,0.8569139672587949,0.015395332636711946
9,0.5364990234375,0.8572622779519331,0.015395332636711946
9,0.53643798828125,0.8571229536746778,0.015395332636711946
10,2.0,0.9996238244514106,0.9071473354231975
10,1.0,0.9962382445141066,0.40288401253918493
10,0.5,0.7888401253918496,0.005830721003134796
10,0.25,0.07887147335423197,0.0
10,0.375,0.3936677115987461,6.269592476489028e-05
10,0.4375,0.6100940438871474,0.0010658307210031348
10,0.46875,0.7080250783699059,0.002445141065830721
10,0.453125,0.6623824451410658,0.0014420062695924764
10,0.4609375,0.6853918495297806,0.0018808777429467085
10,0.45703125,0.6737931034482758,0.0018181818181818182
10,0.455078125,0.6681504702194357,0.0016300940438871473
10,0.4541015625,0.665705329153605,0.0014420062695924764
10,0.45458984375,0.6671473354231975,0.0016300940438871473
10,0.454345703125,0.666269592476489,0.0015047021943573667
10,0.4544677734375,0.6665830721003135,0.001567398119122257
10,0.45452880859375,0.666833855799373,0.0016300940438871473
10,0.75,0.9830721003134796,0.15040752351097178
10,0.625,0.9499059561128527,0.05335423197492163
10,0.5625,0.8960501567398119,0.02238244514106583
10,0.53125,0.8523510971786834,0.011912225705329153
10,0.515625,0.821692789968652,0.007899686520376176
10,0.5078125,0.8053918495297806,0.006896551724137931
10,0.50390625,0.7974921630094044,0.006206896551724138
10,0.505859375,0.8016300940438872,0.006457680250783699
10,0.5048828125,0.799373040752351,0.006269592476489028
10,0.50537109375,0.8002507836990596,0.0063949843260188086
10,0.505126953125,0.7999373040752351,0.0063949843260188086
10,0.5052490234375,0.8001253918495298,0.0063949843260188086
10,0.50518798828125,0.8000626959247649,0.0063949843260188086
10,0.546875,0.8764263322884013,0.016551724137931035
10,0.5390625,0.8654545454545455,0.013918495297805642
10,0.53515625,0.8583699059561128,0.012664576802507837
10,0.533203125,0.8556112852664577,0.012288401253918495
10,0.5341796875,0.8569905956112853,0.012476489028213167
10,0.53466796875,0.8578056426332289,0.012539184952978056
10,0.534423828125,0.8573667711598746,0.012476489028213167
10,0.5343017578125,0.8571786833855799,0.012476489028213167
10,0.53424072265625,0.8570532915360501,0.012476489028213167
